"filename", "language", "TypeScript", "SCSS", "HTML", "comment", "blank", "total"
"c:\Users\gamer\Desktop\website\jhess0509.github.io\src\app\app.color.ts", "TypeScript", 124, 0, 0, 0, 36, 160
"c:\Users\gamer\Desktop\website\jhess0509.github.io\src\app\app.component.scss", "SCSS", 0, 0, 0, 0, 1, 1
"c:\Users\gamer\Desktop\website\jhess0509.github.io\src\app\app.component.ts", "TypeScript", 8, 0, 0, 0, 3, 11
"c:\Users\gamer\Desktop\website\jhess0509.github.io\src\app\app.config.ts", "TypeScript", 45, 0, 0, 0, 6, 51
"c:\Users\gamer\Desktop\website\jhess0509.github.io\src\app\app.module.ts", "TypeScript", 52, 0, 0, 0, 1, 53
"c:\Users\gamer\Desktop\website\jhess0509.github.io\src\app\app.routing.ts", "TypeScript", 18, 0, 0, 1, 2, 21
"c:\Users\gamer\Desktop\website\jhess0509.github.io\src\app\app.state.ts", "TypeScript", 32, 0, 0, 0, 11, 43
"c:\Users\gamer\Desktop\website\jhess0509.github.io\src\app\authentication.guard.ts", "TypeScript", 4, 0, 0, 0, 2, 6
"c:\Users\gamer\Desktop\website\jhess0509.github.io\src\app\logic\models\bookingUpdate.ts", "TypeScript", 13, 0, 0, 0, 1, 14
"c:\Users\gamer\Desktop\website\jhess0509.github.io\src\app\logic\models\order.ts", "TypeScript", 103, 0, 0, 0, 1, 104
"c:\Users\gamer\Desktop\website\jhess0509.github.io\src\app\logic\models\product.ts", "TypeScript", 4, 0, 0, 0, 1, 5
"c:\Users\gamer\Desktop\website\jhess0509.github.io\src\app\logic\models\project.ts", "TypeScript", 8, 0, 0, 0, 1, 9
"c:\Users\gamer\Desktop\website\jhess0509.github.io\src\app\logic\models\user-model\user-model.component.html", "HTML", 0, 0, 1, 0, 1, 2
"c:\Users\gamer\Desktop\website\jhess0509.github.io\src\app\logic\models\user-model\user-model.component.scss", "SCSS", 0, 0, 0, 0, 1, 1
"c:\Users\gamer\Desktop\website\jhess0509.github.io\src\app\logic\models\user-model\user-model.component.ts", "TypeScript", 13, 0, 0, 0, 1, 14
"c:\Users\gamer\Desktop\website\jhess0509.github.io\src\app\logic\services\authguard.service.ts", "TypeScript", 19, 0, 0, 0, 4, 23
"c:\Users\gamer\Desktop\website\jhess0509.github.io\src\app\logic\services\epoch.comparator.pipe.ts", "TypeScript", 14, 0, 0, 0, 3, 17
"c:\Users\gamer\Desktop\website\jhess0509.github.io\src\app\logic\services\epoch.pipe.ts", "TypeScript", 26, 0, 0, 2, 5, 33
"c:\Users\gamer\Desktop\website\jhess0509.github.io\src\app\logic\services\login.service.ts", "TypeScript", 31, 0, 0, 1, 8, 40
"c:\Users\gamer\Desktop\website\jhess0509.github.io\src\app\logic\services\order-service.service.ts", "TypeScript", 22, 0, 0, 0, 6, 28
"c:\Users\gamer\Desktop\website\jhess0509.github.io\src\app\logic\services\product.service.ts", "TypeScript", 17, 0, 0, 0, 5, 22
"c:\Users\gamer\Desktop\website\jhess0509.github.io\src\app\logic\services\users.service.ts", "TypeScript", 139, 0, 0, 12, 26, 177
"c:\Users\gamer\Desktop\website\jhess0509.github.io\src\app\pages\blank\blank.component.html", "HTML", 0, 0, 0, 0, 1, 1
"c:\Users\gamer\Desktop\website\jhess0509.github.io\src\app\pages\blank\blank.component.scss", "SCSS", 0, 0, 0, 0, 1, 1
"c:\Users\gamer\Desktop\website\jhess0509.github.io\src\app\pages\blank\blank.component.ts", "TypeScript", 12, 0, 0, 0, 5, 17
"c:\Users\gamer\Desktop\website\jhess0509.github.io\src\app\pages\calendar\calendar.component.html", "HTML", 0, 0, 88, 0, 16, 104
"c:\Users\gamer\Desktop\website\jhess0509.github.io\src\app\pages\calendar\calendar.component.ts", "TypeScript", 150, 0, 0, 8, 18, 176
"c:\Users\gamer\Desktop\website\jhess0509.github.io\src\app\pages\calendar\calendar.module.ts", "TypeScript", 21, 0, 0, 0, 3, 24
"c:\Users\gamer\Desktop\website\jhess0509.github.io\src\app\pages\charting\charting.module.ts", "TypeScript", 23, 0, 0, 0, 4, 27
"c:\Users\gamer\Desktop\website\jhess0509.github.io\src\app\pages\charting\ng2-charts\ng2-charts.component.html", "HTML", 0, 0, 164, 0, 3, 167
"c:\Users\gamer\Desktop\website\jhess0509.github.io\src\app\pages\charting\ng2-charts\ng2-charts.component.ts", "TypeScript", 423, 0, 0, 8, 25, 456
"c:\Users\gamer\Desktop\website\jhess0509.github.io\src\app\pages\dashboard\action-needed\action-needed.component.html", "HTML", 0, 0, 25, 0, 0, 25
"c:\Users\gamer\Desktop\website\jhess0509.github.io\src\app\pages\dashboard\action-needed\action-needed.component.scss", "SCSS", 0, 0, 0, 0, 1, 1
"c:\Users\gamer\Desktop\website\jhess0509.github.io\src\app\pages\dashboard\action-needed\action-needed.component.ts", "TypeScript", 19, 0, 0, 0, 9, 28
"c:\Users\gamer\Desktop\website\jhess0509.github.io\src\app\pages\dashboard\add-task\add-task.component.html", "HTML", 0, 0, 56, 2, 0, 58
"c:\Users\gamer\Desktop\website\jhess0509.github.io\src\app\pages\dashboard\add-task\add-task.component.scss", "SCSS", 0, 0, 0, 0, 1, 1
"c:\Users\gamer\Desktop\website\jhess0509.github.io\src\app\pages\dashboard\add-task\add-task.component.ts", "TypeScript", 84, 0, 0, 3, 15, 102
"c:\Users\gamer\Desktop\website\jhess0509.github.io\src\app\pages\dashboard\chat\chat.component.html", "HTML", 0, 0, 32, 0, 2, 34
"c:\Users\gamer\Desktop\website\jhess0509.github.io\src\app\pages\dashboard\chat\chat.component.scss", "SCSS", 0, 71, 0, 0, 3, 74
"c:\Users\gamer\Desktop\website\jhess0509.github.io\src\app\pages\dashboard\chat\chat.component.ts", "TypeScript", 35, 0, 0, 0, 7, 42
"c:\Users\gamer\Desktop\website\jhess0509.github.io\src\app\pages\dashboard\chat\chat.service.ts", "TypeScript", 49, 0, 0, 0, 7, 56
"c:\Users\gamer\Desktop\website\jhess0509.github.io\src\app\pages\dashboard\custom-day-view.ts", "TypeScript", 110, 0, 0, 0, 12, 122
"c:\Users\gamer\Desktop\website\jhess0509.github.io\src\app\pages\dashboard\dashboard.component.html", "HTML", 0, 0, 92, 2, 5, 99
"c:\Users\gamer\Desktop\website\jhess0509.github.io\src\app\pages\dashboard\dashboard.component.scss", "SCSS", 0, 59, 0, 0, 12, 71
"c:\Users\gamer\Desktop\website\jhess0509.github.io\src\app\pages\dashboard\dashboard.component.ts", "TypeScript", 528, 0, 0, 33, 109, 670
"c:\Users\gamer\Desktop\website\jhess0509.github.io\src\app\pages\dashboard\dashboard.module.ts", "TypeScript", 91, 0, 0, 0, 6, 97
"c:\Users\gamer\Desktop\website\jhess0509.github.io\src\app\pages\dashboard\dashboard.service.ts", "TypeScript", 15, 0, 0, 0, 7, 22
"c:\Users\gamer\Desktop\website\jhess0509.github.io\src\app\pages\dashboard\data.service.ts", "TypeScript", 234, 0, 0, 18, 38, 290
"c:\Users\gamer\Desktop\website\jhess0509.github.io\src\app\pages\dashboard\datamap\datamap.component.html", "HTML", 0, 0, 49, 0, 4, 53
"c:\Users\gamer\Desktop\website\jhess0509.github.io\src\app\pages\dashboard\datamap\datamap.component.scss", "SCSS", 0, 68, 0, 1, 5, 74
"c:\Users\gamer\Desktop\website\jhess0509.github.io\src\app\pages\dashboard\datamap\datamap.component.ts", "TypeScript", 96, 0, 0, 0, 13, 109
"c:\Users\gamer\Desktop\website\jhess0509.github.io\src\app\pages\dashboard\datamap\datamap.service.ts", "TypeScript", 95, 0, 0, 0, 10, 105
"c:\Users\gamer\Desktop\website\jhess0509.github.io\src\app\pages\dashboard\dynamic-chart\dynamic-chart.component.html", "HTML", 0, 0, 26, 0, 0, 26
"c:\Users\gamer\Desktop\website\jhess0509.github.io\src\app\pages\dashboard\dynamic-chart\dynamic-chart.component.ts", "TypeScript", 159, 0, 0, 2, 17, 178
"c:\Users\gamer\Desktop\website\jhess0509.github.io\src\app\pages\dashboard\edit-task\edit-task.component.html", "HTML", 0, 0, 44, 2, 1, 47
"c:\Users\gamer\Desktop\website\jhess0509.github.io\src\app\pages\dashboard\edit-task\edit-task.component.scss", "SCSS", 0, 0, 0, 0, 1, 1
"c:\Users\gamer\Desktop\website\jhess0509.github.io\src\app\pages\dashboard\edit-task\edit-task.component.ts", "TypeScript", 119, 0, 0, 0, 18, 137
"c:\Users\gamer\Desktop\website\jhess0509.github.io\src\app\pages\dashboard\feed\feed.component.html", "HTML", 0, 0, 32, 0, 1, 33
"c:\Users\gamer\Desktop\website\jhess0509.github.io\src\app\pages\dashboard\feed\feed.component.scss", "SCSS", 0, 200, 0, 0, 20, 220
"c:\Users\gamer\Desktop\website\jhess0509.github.io\src\app\pages\dashboard\feed\feed.component.ts", "TypeScript", 22, 0, 0, 0, 7, 29
"c:\Users\gamer\Desktop\website\jhess0509.github.io\src\app\pages\dashboard\feed\feed.service.ts", "TypeScript", 72, 0, 0, 0, 4, 76
"c:\Users\gamer\Desktop\website\jhess0509.github.io\src\app\pages\dashboard\helper.ts", "TypeScript", 36, 0, 0, 0, 4, 40
"c:\Users\gamer\Desktop\website\jhess0509.github.io\src\app\pages\dashboard\todo\todo.component.html", "HTML", 0, 0, 27, 0, 1, 28
"c:\Users\gamer\Desktop\website\jhess0509.github.io\src\app\pages\dashboard\todo\todo.component.scss", "SCSS", 0, 67, 0, 0, 1, 68
"c:\Users\gamer\Desktop\website\jhess0509.github.io\src\app\pages\dashboard\todo\todo.component.ts", "TypeScript", 29, 0, 0, 0, 8, 37
"c:\Users\gamer\Desktop\website\jhess0509.github.io\src\app\pages\dashboard\todo\todo.service.ts", "TypeScript", 21, 0, 0, 0, 4, 25
"c:\Users\gamer\Desktop\website\jhess0509.github.io\src\app\pages\editors\ckeditor\ckeditor.component.html", "HTML", 0, 0, 9, 0, 0, 9
"c:\Users\gamer\Desktop\website\jhess0509.github.io\src\app\pages\editors\ckeditor\ckeditor.component.ts", "TypeScript", 29, 0, 0, 0, 4, 33
"c:\Users\gamer\Desktop\website\jhess0509.github.io\src\app\pages\editors\editors.module.ts", "TypeScript", 22, 0, 0, 0, 3, 25
"c:\Users\gamer\Desktop\website\jhess0509.github.io\src\app\pages\error\error.component.html", "HTML", 0, 0, 21, 0, 3, 24
"c:\Users\gamer\Desktop\website\jhess0509.github.io\src\app\pages\error\error.component.ts", "TypeScript", 16, 0, 0, 0, 3, 19
"c:\Users\gamer\Desktop\website\jhess0509.github.io\src\app\pages\form-elements\form-elements.module.ts", "TypeScript", 40, 0, 0, 0, 4, 44
"c:\Users\gamer\Desktop\website\jhess0509.github.io\src\app\pages\form-elements\inputs\file-uploader\file-uploader.component.html", "HTML", 0, 0, 10, 0, 1, 11
"c:\Users\gamer\Desktop\website\jhess0509.github.io\src\app\pages\form-elements\inputs\file-uploader\file-uploader.component.scss", "SCSS", 0, 22, 0, 0, 1, 23
"c:\Users\gamer\Desktop\website\jhess0509.github.io\src\app\pages\form-elements\inputs\file-uploader\file-uploader.component.ts", "TypeScript", 19, 0, 0, 0, 5, 24
"c:\Users\gamer\Desktop\website\jhess0509.github.io\src\app\pages\form-elements\inputs\image-uploader\image-uploader.component.html", "HTML", 0, 0, 10, 0, 4, 14
"c:\Users\gamer\Desktop\website\jhess0509.github.io\src\app\pages\form-elements\inputs\image-uploader\image-uploader.component.scss", "SCSS", 0, 24, 0, 0, 2, 26
"c:\Users\gamer\Desktop\website\jhess0509.github.io\src\app\pages\form-elements\inputs\image-uploader\image-uploader.component.ts", "TypeScript", 23, 0, 0, 0, 6, 29
"c:\Users\gamer\Desktop\website\jhess0509.github.io\src\app\pages\form-elements\inputs\inputs.component.html", "HTML", 0, 0, 600, 0, 72, 672
"c:\Users\gamer\Desktop\website\jhess0509.github.io\src\app\pages\form-elements\inputs\inputs.component.ts", "TypeScript", 65, 0, 0, 0, 6, 71
"c:\Users\gamer\Desktop\website\jhess0509.github.io\src\app\pages\form-elements\inputs\multiple-image-uploader\multiple-image-uploader.component.html", "HTML", 0, 0, 12, 0, 2, 14
"c:\Users\gamer\Desktop\website\jhess0509.github.io\src\app\pages\form-elements\inputs\multiple-image-uploader\multiple-image-uploader.component.scss", "SCSS", 0, 41, 0, 0, 2, 43
"c:\Users\gamer\Desktop\website\jhess0509.github.io\src\app\pages\form-elements\inputs\multiple-image-uploader\multiple-image-uploader.component.ts", "TypeScript", 35, 0, 0, 0, 9, 44
"c:\Users\gamer\Desktop\website\jhess0509.github.io\src\app\pages\form-elements\layouts\layouts.component.html", "HTML", 0, 0, 197, 0, 20, 217
"c:\Users\gamer\Desktop\website\jhess0509.github.io\src\app\pages\form-elements\layouts\layouts.component.ts", "TypeScript", 7, 0, 0, 0, 2, 9
"c:\Users\gamer\Desktop\website\jhess0509.github.io\src\app\pages\form-elements\validations\validations.component.html", "HTML", 0, 0, 86, 0, 13, 99
"c:\Users\gamer\Desktop\website\jhess0509.github.io\src\app\pages\form-elements\validations\validations.component.ts", "TypeScript", 49, 0, 0, 0, 9, 58
"c:\Users\gamer\Desktop\website\jhess0509.github.io\src\app\pages\form-elements\validations\validations.interface.ts", "TypeScript", 9, 0, 0, 0, 0, 9
"c:\Users\gamer\Desktop\website\jhess0509.github.io\src\app\pages\form-elements\wizard\wizard-validation.service.ts", "TypeScript", 28, 0, 0, 0, 6, 34
"c:\Users\gamer\Desktop\website\jhess0509.github.io\src\app\pages\form-elements\wizard\wizard.component.html", "HTML", 0, 0, 247, 0, 25, 272
"c:\Users\gamer\Desktop\website\jhess0509.github.io\src\app\pages\form-elements\wizard\wizard.component.scss", "SCSS", 0, 117, 0, 0, 7, 124
"c:\Users\gamer\Desktop\website\jhess0509.github.io\src\app\pages\form-elements\wizard\wizard.component.ts", "TypeScript", 123, 0, 0, 0, 16, 139
"c:\Users\gamer\Desktop\website\jhess0509.github.io\src\app\pages\login\login.component.html", "HTML", 0, 0, 30, 0, 3, 33
"c:\Users\gamer\Desktop\website\jhess0509.github.io\src\app\pages\login\login.component.scss", "SCSS", 0, 80, 0, 0, 6, 86
"c:\Users\gamer\Desktop\website\jhess0509.github.io\src\app\pages\login\login.component.ts", "TypeScript", 50, 0, 0, 5, 10, 65
"c:\Users\gamer\Desktop\website\jhess0509.github.io\src\app\pages\login\login.module.ts", "TypeScript", 18, 0, 0, 0, 4, 22
"c:\Users\gamer\Desktop\website\jhess0509.github.io\src\app\pages\mail\mail-compose\mail-compose.component.html", "HTML", 0, 0, 20, 0, 4, 24
"c:\Users\gamer\Desktop\website\jhess0509.github.io\src\app\pages\mail\mail-compose\mail-compose.component.ts", "TypeScript", 7, 0, 0, 0, 2, 9
"c:\Users\gamer\Desktop\website\jhess0509.github.io\src\app\pages\mail\mail-detail\mail-detail.component.html", "HTML", 0, 0, 56, 0, 5, 61
"c:\Users\gamer\Desktop\website\jhess0509.github.io\src\app\pages\mail\mail-detail\mail-detail.component.ts", "TypeScript", 38, 0, 0, 0, 7, 45
"c:\Users\gamer\Desktop\website\jhess0509.github.io\src\app\pages\mail\mail-list\mail-list.component.html", "HTML", 0, 0, 30, 0, 0, 30
"c:\Users\gamer\Desktop\website\jhess0509.github.io\src\app\pages\mail\mail-list\mail-list.component.ts", "TypeScript", 121, 0, 0, 0, 19, 140
"c:\Users\gamer\Desktop\website\jhess0509.github.io\src\app\pages\mail\mail.component.html", "HTML", 0, 0, 108, 0, 9, 117
"c:\Users\gamer\Desktop\website\jhess0509.github.io\src\app\pages\mail\mail.component.scss", "SCSS", 0, 133, 0, 0, 4, 137
"c:\Users\gamer\Desktop\website\jhess0509.github.io\src\app\pages\mail\mail.component.ts", "TypeScript", 76, 0, 0, 0, 14, 90
"c:\Users\gamer\Desktop\website\jhess0509.github.io\src\app\pages\mail\mail.module.ts", "TypeScript", 38, 0, 0, 0, 5, 43
"c:\Users\gamer\Desktop\website\jhess0509.github.io\src\app\pages\mail\mail.service.ts", "TypeScript", 289, 0, 0, 0, 11, 300
"c:\Users\gamer\Desktop\website\jhess0509.github.io\src\app\pages\maps\google-maps\google-maps.component.html", "HTML", 0, 0, 176, 0, 7, 183
"c:\Users\gamer\Desktop\website\jhess0509.github.io\src\app\pages\maps\google-maps\google-maps.component.scss", "SCSS", 0, 8, 0, 0, 0, 8
"c:\Users\gamer\Desktop\website\jhess0509.github.io\src\app\pages\maps\google-maps\google-maps.component.ts", "TypeScript", 52, 0, 0, 0, 7, 59
"c:\Users\gamer\Desktop\website\jhess0509.github.io\src\app\pages\maps\leaflet-maps\leaflet-maps.component.html", "HTML", 0, 0, 15, 0, 0, 15
"c:\Users\gamer\Desktop\website\jhess0509.github.io\src\app\pages\maps\leaflet-maps\leaflet-maps.component.scss", "SCSS", 0, 11, 0, 0, 4, 15
"c:\Users\gamer\Desktop\website\jhess0509.github.io\src\app\pages\maps\leaflet-maps\leaflet-maps.component.ts", "TypeScript", 21, 0, 0, 0, 6, 27
"c:\Users\gamer\Desktop\website\jhess0509.github.io\src\app\pages\maps\maps.module.ts", "TypeScript", 26, 0, 0, 0, 3, 29
"c:\Users\gamer\Desktop\website\jhess0509.github.io\src\app\pages\maps\vector-maps\vector-maps.component.html", "HTML", 0, 0, 53, 0, 2, 55
"c:\Users\gamer\Desktop\website\jhess0509.github.io\src\app\pages\maps\vector-maps\vector-maps.component.scss", "SCSS", 0, 52, 0, 4, 14, 70
"c:\Users\gamer\Desktop\website\jhess0509.github.io\src\app\pages\maps\vector-maps\vector-maps.component.ts", "TypeScript", 101, 0, 0, 0, 14, 115
"c:\Users\gamer\Desktop\website\jhess0509.github.io\src\app\pages\maps\vector-maps\vector-maps.service.ts", "TypeScript", 41, 0, 0, 0, 9, 50
"c:\Users\gamer\Desktop\website\jhess0509.github.io\src\app\pages\pages.component.html", "HTML", 0, 0, 13, 1, 5, 19
"c:\Users\gamer\Desktop\website\jhess0509.github.io\src\app\pages\pages.component.scss", "SCSS", 0, 147, 0, 3, 18, 168
"c:\Users\gamer\Desktop\website\jhess0509.github.io\src\app\pages\pages.component.ts", "TypeScript", 38, 0, 0, 0, 9, 47
"c:\Users\gamer\Desktop\website\jhess0509.github.io\src\app\pages\pages.module.ts", "TypeScript", 48, 0, 0, 0, 2, 50
"c:\Users\gamer\Desktop\website\jhess0509.github.io\src\app\pages\pages.routing.ts", "TypeScript", 39, 0, 0, 0, 3, 42
"c:\Users\gamer\Desktop\website\jhess0509.github.io\src\app\pages\profile\profile.component.html", "HTML", 0, 0, 51, 0, 4, 55
"c:\Users\gamer\Desktop\website\jhess0509.github.io\src\app\pages\profile\profile.component.scss", "SCSS", 0, 0, 0, 0, 1, 1
"c:\Users\gamer\Desktop\website\jhess0509.github.io\src\app\pages\profile\profile.component.ts", "TypeScript", 11, 0, 0, 0, 5, 16
"c:\Users\gamer\Desktop\website\jhess0509.github.io\src\app\pages\profile\profile.module.ts", "TypeScript", 31, 0, 0, 0, 3, 34
"c:\Users\gamer\Desktop\website\jhess0509.github.io\src\app\pages\profile\projects\projects.component.html", "HTML", 0, 0, 22, 0, 0, 22
"c:\Users\gamer\Desktop\website\jhess0509.github.io\src\app\pages\profile\projects\projects.component.scss", "SCSS", 0, 0, 0, 0, 1, 1
"c:\Users\gamer\Desktop\website\jhess0509.github.io\src\app\pages\profile\projects\projects.component.ts", "TypeScript", 17, 0, 0, 0, 4, 21
"c:\Users\gamer\Desktop\website\jhess0509.github.io\src\app\pages\profile\user-info\user-info.component.html", "HTML", 0, 0, 86, 0, 13, 99
"c:\Users\gamer\Desktop\website\jhess0509.github.io\src\app\pages\profile\user-info\user-info.component.scss", "SCSS", 0, 0, 0, 0, 1, 1
"c:\Users\gamer\Desktop\website\jhess0509.github.io\src\app\pages\profile\user-info\user-info.component.ts", "TypeScript", 36, 0, 0, 1, 7, 44
"c:\Users\gamer\Desktop\website\jhess0509.github.io\src\app\pages\register\register.component.html", "HTML", 0, 0, 46, 0, 3, 49
"c:\Users\gamer\Desktop\website\jhess0509.github.io\src\app\pages\register\register.component.scss", "SCSS", 0, 20, 0, 0, 2, 22
"c:\Users\gamer\Desktop\website\jhess0509.github.io\src\app\pages\register\register.component.ts", "TypeScript", 52, 0, 0, 0, 8, 60
"c:\Users\gamer\Desktop\website\jhess0509.github.io\src\app\pages\register\register.module.ts", "TypeScript", 18, 0, 0, 0, 4, 22
"c:\Users\gamer\Desktop\website\jhess0509.github.io\src\app\pages\search\search.component.html", "HTML", 0, 0, 1, 0, 0, 1
"c:\Users\gamer\Desktop\website\jhess0509.github.io\src\app\pages\search\search.component.ts", "TypeScript", 7, 0, 0, 0, 1, 8
"c:\Users\gamer\Desktop\website\jhess0509.github.io\src\app\pages\tables\basic-tables\basic-tables.component.html", "HTML", 0, 0, 506, 0, 34, 540
"c:\Users\gamer\Desktop\website\jhess0509.github.io\src\app\pages\tables\basic-tables\basic-tables.component.ts", "TypeScript", 7, 0, 0, 0, 1, 8
"c:\Users\gamer\Desktop\website\jhess0509.github.io\src\app\pages\tables\dynamic-tables\dynamic-tables.component.html", "HTML", 0, 0, 420, 15, 25, 460
"c:\Users\gamer\Desktop\website\jhess0509.github.io\src\app\pages\tables\dynamic-tables\dynamic-tables.component.ts", "TypeScript", 316, 0, 0, 16, 29, 361
"c:\Users\gamer\Desktop\website\jhess0509.github.io\src\app\pages\tables\dynamic-tables\edit-table\edit-table.component.html", "HTML", 0, 0, 23, 2, 2, 27
"c:\Users\gamer\Desktop\website\jhess0509.github.io\src\app\pages\tables\dynamic-tables\edit-table\edit-table.component.scss", "SCSS", 0, 7, 0, 0, 1, 8
"c:\Users\gamer\Desktop\website\jhess0509.github.io\src\app\pages\tables\dynamic-tables\edit-table\edit-table.component.ts", "TypeScript", 62, 0, 0, 0, 13, 75
"c:\Users\gamer\Desktop\website\jhess0509.github.io\src\app\pages\tables\dynamic-tables\pages.component.scss", "SCSS", 0, 147, 0, 3, 18, 168
"c:\Users\gamer\Desktop\website\jhess0509.github.io\src\app\pages\tables\tables.module.ts", "TypeScript", 52, 0, 0, 0, 4, 56
"c:\Users\gamer\Desktop\website\jhess0509.github.io\src\app\pages\tools\drag-drop\drag-drop.component.html", "HTML", 0, 0, 4, 119, 1, 124
"c:\Users\gamer\Desktop\website\jhess0509.github.io\src\app\pages\tools\drag-drop\drag-drop.component.scss", "SCSS", 0, 6, 0, 0, 0, 6
"c:\Users\gamer\Desktop\website\jhess0509.github.io\src\app\pages\tools\drag-drop\drag-drop.component.ts", "TypeScript", 12, 0, 0, 0, 5, 17
"c:\Users\gamer\Desktop\website\jhess0509.github.io\src\app\pages\tools\resizable\resizable.component.html", "HTML", 0, 0, 26, 0, 2, 28
"c:\Users\gamer\Desktop\website\jhess0509.github.io\src\app\pages\tools\resizable\resizable.component.scss", "SCSS", 0, 35, 0, 0, 7, 42
"c:\Users\gamer\Desktop\website\jhess0509.github.io\src\app\pages\tools\resizable\resizable.component.ts", "TypeScript", 31, 0, 0, 0, 8, 39
"c:\Users\gamer\Desktop\website\jhess0509.github.io\src\app\pages\tools\toaster\toaster.component.html", "HTML", 0, 0, 131, 0, 4, 135
"c:\Users\gamer\Desktop\website\jhess0509.github.io\src\app\pages\tools\toaster\toaster.component.ts", "TypeScript", 75, 0, 0, 0, 8, 83
"c:\Users\gamer\Desktop\website\jhess0509.github.io\src\app\pages\tools\tools.module.ts", "TypeScript", 30, 0, 0, 0, 3, 33
"c:\Users\gamer\Desktop\website\jhess0509.github.io\src\app\pages\ui\buttons\buttons.component.html", "HTML", 0, 0, 393, 0, 66, 459
"c:\Users\gamer\Desktop\website\jhess0509.github.io\src\app\pages\ui\buttons\buttons.component.scss", "SCSS", 0, 13, 0, 0, 0, 13
"c:\Users\gamer\Desktop\website\jhess0509.github.io\src\app\pages\ui\buttons\buttons.component.ts", "TypeScript", 8, 0, 0, 0, 2, 10
"c:\Users\gamer\Desktop\website\jhess0509.github.io\src\app\pages\ui\cards\cards.component.html", "HTML", 0, 0, 418, 0, 10, 428
"c:\Users\gamer\Desktop\website\jhess0509.github.io\src\app\pages\ui\cards\cards.component.ts", "TypeScript", 7, 0, 0, 0, 2, 9
"c:\Users\gamer\Desktop\website\jhess0509.github.io\src\app\pages\ui\components\components.component.html", "HTML", 0, 0, 592, 0, 55, 647
"c:\Users\gamer\Desktop\website\jhess0509.github.io\src\app\pages\ui\components\components.component.ts", "TypeScript", 22, 0, 0, 0, 2, 24
"c:\Users\gamer\Desktop\website\jhess0509.github.io\src\app\pages\ui\grid\grid.component.html", "HTML", 0, 0, 532, 0, 30, 562
"c:\Users\gamer\Desktop\website\jhess0509.github.io\src\app\pages\ui\grid\grid.component.scss", "SCSS", 0, 27, 0, 0, 2, 29
"c:\Users\gamer\Desktop\website\jhess0509.github.io\src\app\pages\ui\grid\grid.component.ts", "TypeScript", 8, 0, 0, 0, 2, 10
"c:\Users\gamer\Desktop\website\jhess0509.github.io\src\app\pages\ui\icons\icons.component.html", "HTML", 0, 0, 69, 0, 2, 71
"c:\Users\gamer\Desktop\website\jhess0509.github.io\src\app\pages\ui\icons\icons.component.scss", "SCSS", 0, 44, 0, 0, 1, 45
"c:\Users\gamer\Desktop\website\jhess0509.github.io\src\app\pages\ui\icons\icons.component.ts", "TypeScript", 19, 0, 0, 0, 4, 23
"c:\Users\gamer\Desktop\website\jhess0509.github.io\src\app\pages\ui\icons\icons.service.ts", "TypeScript", 93, 0, 0, 0, 7, 100
"c:\Users\gamer\Desktop\website\jhess0509.github.io\src\app\pages\ui\list-group\list-group.component.html", "HTML", 0, 0, 173, 0, 25, 198
"c:\Users\gamer\Desktop\website\jhess0509.github.io\src\app\pages\ui\list-group\list-group.component.ts", "TypeScript", 7, 0, 0, 0, 2, 9
"c:\Users\gamer\Desktop\website\jhess0509.github.io\src\app\pages\ui\media-objects\media-objects.component.html", "HTML", 0, 0, 166, 0, 10, 176
"c:\Users\gamer\Desktop\website\jhess0509.github.io\src\app\pages\ui\media-objects\media-objects.component.ts", "TypeScript", 8, 0, 0, 0, 2, 10
"c:\Users\gamer\Desktop\website\jhess0509.github.io\src\app\pages\ui\tabs-accordions\tabs-accordions.component.html", "HTML", 0, 0, 368, 0, 18, 386
"c:\Users\gamer\Desktop\website\jhess0509.github.io\src\app\pages\ui\tabs-accordions\tabs-accordions.component.ts", "TypeScript", 7, 0, 0, 0, 2, 9
"c:\Users\gamer\Desktop\website\jhess0509.github.io\src\app\pages\ui\typography\typography.component.html", "HTML", 0, 0, 388, 0, 42, 430
"c:\Users\gamer\Desktop\website\jhess0509.github.io\src\app\pages\ui\typography\typography.component.scss", "SCSS", 0, 24, 0, 0, 0, 24
"c:\Users\gamer\Desktop\website\jhess0509.github.io\src\app\pages\ui\typography\typography.component.ts", "TypeScript", 12, 0, 0, 0, 5, 17
"c:\Users\gamer\Desktop\website\jhess0509.github.io\src\app\pages\ui\ui.module.ts", "TypeScript", 44, 0, 0, 0, 3, 47
"c:\Users\gamer\Desktop\website\jhess0509.github.io\src\app\pages\users\createUser\create-user\create-user.component.html", "HTML", 0, 0, 29, 0, 2, 31
"c:\Users\gamer\Desktop\website\jhess0509.github.io\src\app\pages\users\createUser\create-user\create-user.component.scss", "SCSS", 0, 7, 0, 0, 1, 8
"c:\Users\gamer\Desktop\website\jhess0509.github.io\src\app\pages\users\createUser\create-user\create-user.component.ts", "TypeScript", 79, 0, 0, 5, 17, 101
"c:\Users\gamer\Desktop\website\jhess0509.github.io\src\app\pages\users\userPage\users.component.html", "HTML", 0, 0, 61, 1, 1, 63
"c:\Users\gamer\Desktop\website\jhess0509.github.io\src\app\pages\users\userPage\users.component.scss", "SCSS", 0, 5, 0, 0, 1, 6
"c:\Users\gamer\Desktop\website\jhess0509.github.io\src\app\pages\users\userPage\users.component.ts", "TypeScript", 51, 0, 0, 5, 14, 70
"c:\Users\gamer\Desktop\website\jhess0509.github.io\src\app\theme\components\back-top\back-top.component.scss", "SCSS", 0, 23, 0, 0, 3, 26
"c:\Users\gamer\Desktop\website\jhess0509.github.io\src\app\theme\components\back-top\back-top.component.ts", "TypeScript", 28, 0, 0, 0, 7, 35
"c:\Users\gamer\Desktop\website\jhess0509.github.io\src\app\theme\components\breadcrumb\breadcrumb.component.html", "HTML", 0, 0, 9, 0, 1, 10
"c:\Users\gamer\Desktop\website\jhess0509.github.io\src\app\theme\components\breadcrumb\breadcrumb.component.scss", "SCSS", 0, 25, 0, 0, 1, 26
"c:\Users\gamer\Desktop\website\jhess0509.github.io\src\app\theme\components\breadcrumb\breadcrumb.component.ts", "TypeScript", 55, 0, 0, 23, 25, 103
"c:\Users\gamer\Desktop\website\jhess0509.github.io\src\app\theme\components\menu\menu.component.html", "HTML", 0, 0, 41, 0, 10, 51
"c:\Users\gamer\Desktop\website\jhess0509.github.io\src\app\theme\components\menu\menu.component.scss", "SCSS", 0, 172, 0, 3, 14, 189
"c:\Users\gamer\Desktop\website\jhess0509.github.io\src\app\theme\components\menu\menu.component.ts", "TypeScript", 106, 0, 0, 0, 19, 125
"c:\Users\gamer\Desktop\website\jhess0509.github.io\src\app\theme\components\menu\menu.service.ts", "TypeScript", 8, 0, 0, 0, 4, 12
"c:\Users\gamer\Desktop\website\jhess0509.github.io\src\app\theme\components\menu\menu.ts", "TypeScript", 26, 0, 0, 0, 2, 28
"c:\Users\gamer\Desktop\website\jhess0509.github.io\src\app\theme\components\messages\messages.component.html", "HTML", 0, 0, 82, 0, 6, 88
"c:\Users\gamer\Desktop\website\jhess0509.github.io\src\app\theme\components\messages\messages.component.scss", "SCSS", 0, 247, 0, 1, 8, 256
"c:\Users\gamer\Desktop\website\jhess0509.github.io\src\app\theme\components\messages\messages.component.ts", "TypeScript", 20, 0, 0, 0, 4, 24
"c:\Users\gamer\Desktop\website\jhess0509.github.io\src\app\theme\components\messages\messages.service.ts", "TypeScript", 129, 0, 0, 0, 10, 139
"c:\Users\gamer\Desktop\website\jhess0509.github.io\src\app\theme\components\navbar\navbar.component.html", "HTML", 0, 0, 6, 0, 0, 6
"c:\Users\gamer\Desktop\website\jhess0509.github.io\src\app\theme\components\navbar\navbar.component.scss", "SCSS", 0, 131, 0, 2, 13, 146
"c:\Users\gamer\Desktop\website\jhess0509.github.io\src\app\theme\components\navbar\navbar.component.ts", "TypeScript", 27, 0, 0, 2, 7, 36
"c:\Users\gamer\Desktop\website\jhess0509.github.io\src\app\theme\components\sidebar\sidebar-item.model.ts", "TypeScript", 10, 0, 0, 0, 0, 10
"c:\Users\gamer\Desktop\website\jhess0509.github.io\src\app\theme\components\sidebar\sidebar-items.ts", "TypeScript", 48, 0, 0, 0, 1, 49
"c:\Users\gamer\Desktop\website\jhess0509.github.io\src\app\theme\components\sidebar\sidebar.component.html", "HTML", 0, 0, 6, 0, 0, 6
"c:\Users\gamer\Desktop\website\jhess0509.github.io\src\app\theme\components\sidebar\sidebar.component.scss", "SCSS", 0, 97, 0, 0, 8, 105
"c:\Users\gamer\Desktop\website\jhess0509.github.io\src\app\theme\components\sidebar\sidebar.component.ts", "TypeScript", 96, 0, 0, 0, 16, 112
"c:\Users\gamer\Desktop\website\jhess0509.github.io\src\app\theme\components\sidebar\sidebar.service.ts", "TypeScript", 157, 0, 0, 0, 13, 170
"c:\Users\gamer\Desktop\website\jhess0509.github.io\src\app\theme\directives\counter\counter.directive.ts", "TypeScript", 25, 0, 0, 0, 6, 31
"c:\Users\gamer\Desktop\website\jhess0509.github.io\src\app\theme\directives\directives.module.ts", "TypeScript", 30, 0, 0, 0, 2, 32
"c:\Users\gamer\Desktop\website\jhess0509.github.io\src\app\theme\directives\dropzone\dropzone.directive.ts", "TypeScript", 16, 0, 0, 1, 6, 23
"c:\Users\gamer\Desktop\website\jhess0509.github.io\src\app\theme\directives\live-tile\live-tile.directive.ts", "TypeScript", 18, 0, 0, 0, 5, 23
"c:\Users\gamer\Desktop\website\jhess0509.github.io\src\app\theme\directives\progress-animate\progress-animate.directive.ts", "TypeScript", 27, 0, 0, 15, 8, 50
"c:\Users\gamer\Desktop\website\jhess0509.github.io\src\app\theme\directives\skycon\skycon.directive.ts", "TypeScript", 12, 0, 0, 0, 6, 18
"c:\Users\gamer\Desktop\website\jhess0509.github.io\src\app\theme\directives\slim-scroll\slim-scroll.directive.ts", "TypeScript", 23, 0, 0, 0, 8, 31
"c:\Users\gamer\Desktop\website\jhess0509.github.io\src\app\theme\directives\widget\widget.directive.ts", "TypeScript", 26, 0, 0, 0, 7, 33
"c:\Users\gamer\Desktop\website\jhess0509.github.io\src\app\theme\pipes\appPicture\appPicture.pipe.ts", "TypeScript", 7, 0, 0, 0, 2, 9
"c:\Users\gamer\Desktop\website\jhess0509.github.io\src\app\theme\pipes\pipes.module.ts", "TypeScript", 24, 0, 0, 0, 3, 27
"c:\Users\gamer\Desktop\website\jhess0509.github.io\src\app\theme\pipes\profilePicture\profilePicture.pipe.ts", "TypeScript", 7, 0, 0, 0, 2, 9
"c:\Users\gamer\Desktop\website\jhess0509.github.io\src\app\theme\pipes\search\mail-search.pipe.ts", "TypeScript", 17, 0, 0, 0, 4, 21
"c:\Users\gamer\Desktop\website\jhess0509.github.io\src\app\theme\pipes\search\search.pipe.ts", "TypeScript", 13, 0, 0, 0, 3, 16
"c:\Users\gamer\Desktop\website\jhess0509.github.io\src\app\theme\styles\_base.scss", "SCSS", 0, 160, 0, 7, 20, 187
"c:\Users\gamer\Desktop\website\jhess0509.github.io\src\app\theme\styles\_bootstrap-override.scss", "SCSS", 0, 1221, 0, 48, 72, 1341
"c:\Users\gamer\Desktop\website\jhess0509.github.io\src\app\theme\styles\_libs-override.scss", "SCSS", 0, 197, 0, 7, 24, 228
"c:\Users\gamer\Desktop\website\jhess0509.github.io\src\app\theme\styles\_mixins.scss", "SCSS", 0, 68, 0, 6, 16, 90
"c:\Users\gamer\Desktop\website\jhess0509.github.io\src\app\theme\styles\_variables.scss", "SCSS", 0, 63, 0, 11, 25, 99
"c:\Users\gamer\Desktop\website\jhess0509.github.io\src\app\theme\styles\skins\_black.scss", "SCSS", 0, 12, 0, 1, 4, 17
"c:\Users\gamer\Desktop\website\jhess0509.github.io\src\app\theme\styles\skins\_blue.scss", "SCSS", 0, 12, 0, 1, 4, 17
"c:\Users\gamer\Desktop\website\jhess0509.github.io\src\app\theme\styles\skins\_green.scss", "SCSS", 0, 12, 0, 1, 4, 17
"c:\Users\gamer\Desktop\website\jhess0509.github.io\src\app\theme\styles\skins\_purple.scss", "SCSS", 0, 12, 0, 1, 4, 17
"c:\Users\gamer\Desktop\website\jhess0509.github.io\src\app\theme\styles\skins\_red.scss", "SCSS", 0, 12, 0, 1, 4, 17
"Total", "-", 6680, 3899, 6978, 406, 1949, 19912